{
  "best_threshold": 0.4942360144134332,
  "best_params": {
    "hidden1": 32,
    "hidden2": 8,
    "dropout": 0.25859712689088865,
    "learning_rate": 0.0004598170231454105,
    "epochs": 132,
    "threshold": 0.4942360144134332
  },
  "test_metrics": {
    "accuracy": 0.7402597402597403,
    "precision": 0.6190476190476191,
    "recall": 0.7090909090909091,
    "f1": 0.6610169491525424,
    "f2": 0.6890459363957597
  }
}